[
    {
      "first_name": "Dominykas",
      "last_name": "Roy",
      "phone_number": "317-672-4222",
      "email_address": "a.roy@gmail.com",
      "institution_id": 4
    },
    {
      "first_name": "Keisha",
      "last_name": "Rawlings",
      "phone_number": "909-299-3190",
      "email_address": "k.rawlings@gmail.com",
      "institution_id": 4
    },
    {
      "first_name": "Ayla",
      "last_name": "Gordon",
      "phone_number": "505-312-2627",
      "email_address": "a.gordon@gmail.com",
      "institution_id": 5
    },
    {
      "first_name": "Alton",
      "last_name": "Harper",
      "phone_number": "870-280-4555",
      "email_address": "a.harper@gmail.com",
      "institution_id": 5
    },
    {
      "first_name": "Tamzin",
      "last_name": "Mccann",
      "phone_number": "775-908-7658",
      "email_address": "t.mccann@gmail.com",
      "institution_id": 6
    },
    {
      "first_name": "Keisha",
      "last_name": "Dunlop",
      "phone_number": "715-771-7702",
      "email_address": "l.dunlop@gmail.com",
      "institution_id": 6
    }
  ]